bugs,
threat-broadcast,https://lyy289065406.github.io/threat-broadcast/
jpcert,https://www.jpcert.or.jp/newsflash/
riskivy,https://vas.riskivy.com/vuln
seebug,https://www.seebug.org/
nsfocus,http://blog.nsfocus.net/category/threat-alert/
huawei,https://www.huaweicloud.com/notice.securecenter.html
nosec,https://nosec.org/home/index
360,https://cert.360.cn/warning
duoyinsu,https://v.duoyinsu.com/
Tools,
huorong,https://huorong.cn/
360,https://weishi.360.cn/mianyigongju.html
sangfor,https://edr.sangfor.com.cn/#/introduction/all_tools
Tencent HABO,https://habo.qq.com/tool/index
Threat Intelligence,
threatbook,https://x.threatbook.cn/
qianxin,https://ti.qianxin.com/
URLhaus Database,https://urlhaus.abuse.ch/browse/
RedQueen,https://redqueen.tj-un.com/IntelHome.html
IBM X-Force Exchange,https://exchange.xforce.ibmcloud.com/
360,https://ti.360.cn/
nsfocus,https://ti.nsfocus.com/
Dbappsecurity,https://ti.dbappsecurity.com.cn/
VenusEye,https://www.venuseye.com.cn/
watcherlab,https://feed.watcherlab.com/
Twitter IOCs,"https://tweetfeed.live/
https://github.com/0xDanielLopez/TweetFeed"
Malware Analysis,
Interactive Online Malware Analysis Sandbox - ANY.RUN,https://app.any.run/
VirusTotal,https://www.virustotal.com/
Free Automated Malware Analysis Service,https://www.hybrid-analysis.com/
Kaspersky Threat Intelligence Portal,https://opentip.kaspersky.com/
qianxin,https://sandbox.ti.qianxin.com/sandbox/page
threatbook,https://s.threatbook.cn/
Jotti,https://virusscan.jotti.org/
Joe Sandbox Cloud Basic,https://www.joesandbox.com/
vdnel,https://cloud.vdnel.cn/
VirSCAN,https://www.virscan.org/
anxinsec,https://scan.anxinsec.com/
Tophant,https://mac-cloud.riskivy.com/mac-cloud
ScanVir,http://www.scanvir.com/
Apk Analysis,
maldun,https://maldun.com/submit/submit_file
Pithus,https://beta.pithus.org/
SandDroid,http://sanddroid.xjtu.edu.cn/
Tencent HABO,https://habo.qq.com/
Tencent KingKong,https://service.security.tencent.com/kingkong
Tencent Mobile Security Labs,https://m.qq.com/security_lab/scans_online.jsp
360 Mobile,http://scan.shouji.360.cn/
Pcap Analysis,
A-Packets - Online pcap file analyzer,https://apackets.com/
Ransomware Identify,
ID Ransomware,https://apackets.com/
360,https://lesuobingdu.360.cn/
qianxin,https://lesuobingdu.qianxin.com/
sangfor,https://edr.sangfor.com.cn/#/information/ransom_search
Tencent,https://guanjia.qq.com/pr/ls/
VenusEye,https://lesuo.venuseye.com.cn/
Ransomware Decryption Tools,
nomoreransom,https://www.nomoreransom.org/en/decryption-tools.html
Avast,https://www.avast.com/ransomware-decryption-tools
Emsisoft,https://www.emsisoft.com/ransomware-decryption-tools/free-download
Kaspersky,https://noransom.kaspersky.com/
Trend Micro,https://www.trendmicro.com/en_us/business.html
