Title,URL,Tag
"Generate secure, random passwords to stay safe online.",https://1password.com/password-generator/,
dnsdb website server domain name hosting ip address lookup history,https://dnsdblookup.com/,
Fake Name Generator,https://www.fakenamegenerator.com/,
Find and check IP address,https://whoer.net/,
Browser Fingerprint Detection,https://www.yalala.com/,
Live Flight Tracker,https://www.flightradar24.com/,
Explore live radio by rotating the globe,https://radio.garden/,
Hurricane Electric BGP Toolkit,https://bgp.he.net/,
Fake Name Generator,https://shenfendaquan.com/,
,https://amiunique.org/fp,
"Ping, mtr, dig and TCP port check from multiple locations",https://ping.pe/,
World biggest online cameras directory,http://www.insecam.org/,
CIA TRIAD SECURITY LLC - Fraud Check,https://scamalytics.com/ip/isp/cia-triad-security-llc,
Timeline editor,https://time.graphics/editor,
Reverse Shell Generator Online,https://www.revshells.com/,
The Citizen Lab - University of Toronto,https://citizenlab.ca/,
Ethical hacking and penetration testing,https://miloserdov.org/,
"Malware Analysis, News and Indicators",https://malware.news/,
,https://blog.erratasec.com/,
,https://doxbin.com/,
,https://www.192-168-1-1-ip.co/router-companies-list/,
,https://intrusiontruth.wordpress.com/,
,https://pentester.land/list-of-bug-bounty-writeups.html,
,https://github.com/ngalongc/bug-bounty-reference,
,https://research.nccgroup.com/,
,https://www.redsiege.com/blog/,
,https://www.kitploit.com/,
,https://hakin9.org/blog-2/,
,https://forensic-architecture.org/,
,https://explorer.ooni.org/search,
,https://gfwatch.org/,
,https://cryptome.org/,
,https://ddosecrets.com/,
,https://internetshutdowns.in/,
,https://cxsecurity.com/wlb/,
,https://www.zeroscience.mk/en/vulnerabilities/,
,https://wpvulns.com/,
,https://ransom.wiki/,
,https://darkfeed.io/ransomwiki/,
